INSERT INTO Artist (NameArtist, Member)
VALUES 
('Polycat','3'),
('Ed Sheeran', '1'),
('EXO', '9');


INSERT INTO Album (NameAlbum, NameArtist ,ReleaseYear , StyleSong,Photo_of_Album  )
VALUES 
('80 Kisses', 'Polycat', '2559', 'pop , synth-pop', '1.jpg'),
('Pillow War', 'Polycat', '2563', 'pop , synth-pop', '2.jpg'),
('÷',  'Ed Sheeran', '2560', 'Classical crossover', '3.jpg'),
('x', 'Ed Sheeran', '2557', 'Classical crossover', '4.jpg'),
('Do not Mess Up My Tempo', 'EXO', '2561', 'Dance-pop , Hiphop', '5.jpg');

INSERT INTO Style (StyleSong)
VALUES 
('pop , synth-pop'),
('Classical crossover'),
('Dance-pop , Hiphop'),

INSERT INTO Song (NameSong, NameAlbum,NameArtist,  Lengths ,Lyric)
VALUES 

('เพื่อนไม่จริง', '80 Kisses', 'Polycat', '5.05' ,
" ถ้าแอบรักและเราบอกออกไป
การแอบรักจะดูหมดความหมาย
ฉันจึงเลือกทางที่สบายใจ
เก็บความลับที่แท้มันสวยงามเพียงใด
ชอบมองสายตาเธอตอนไม่รู้
ว่าตัวฉันชอบมองมันมากเท่าไร
ชอบฟังเสียงในตอนที่เธอใช้
บอกกับฉันว่าฉันเป็นเพื่อนเธอคนนึง
อาจไม่มีหนทางให้เป็นอย่างหวัง
แต่อย่างน้อยก็ไม่ทำให้ผิดหวัง
หากมันทำให้เจอหน้าเธอทุกวันก็พอจะรับไหว
เป็นคนที่เธอไว้ใจ มันก็ดีเท่าไร
ไม่เสี่ยงเกินไปกว่านี้
เพราะมันอาจจะไม่คุ้มกัน
อยากเป็นคนสำคัญ แค่เพื่อนแล้วกัน
เพราะฉันไม่มีเธอไม่ได้
ดีอยู่แล้วที่เธอไม่รักฉัน
เพราะอาจแยกทางในวัน ไหนก็ได้
ทนไม่ไหวถ้าเป็นคนทำร้าย
เธอให้ช้ำและซ้ำด้วยน้ำมือตัวเอง
ให้ฉันชื่นชมเธอมีความรัก
ให้เธอเล่าว่าได้เจอเขาที่ใด
ไม่ใช่ฉันก็คงไม่เป็นไร
อยากแน่ใจว่าเธอได้เจอคนดีๆ
อาจไม่มีหนทางให้เป็นอย่างหวัง
แต่อย่างน้อยก็ไม่ทำให้ผิดหวัง
หากมันทำให้เจอหน้าเธอ
ทุกวันก็พอจะรับไหว…"),



('อาวรณ์ (I Want You)', 'Pillow War', 'Polycat', '4.32' ,
" ทุกปีตอนนี้ต้องหาให้เจอ สิ่งใดเหมาะสมเป็นของขวัญให้เธอ แต่ไม่อีกแล้ว
ไม่มีปีไหนที่เธอจะเชิญ ให้ไปร้องเพลง HAPPY BIRTHDAY ให้ฟังอีกแล้ว LISTEN
และวันสำคัญยังคงเป็นวันเดิม เพียงคนสำคัญที่ตรงนั้นเปลี่ยน
แววตาของเธอยังคงงามดังเดิม เพียงคนได้มองข้างในนั้นเปลี่ยน
แต่ใจของฉันยังคงเป็นคนเดิม รักเธอแค่ไหนจะไม่เปลี่ยน
เห็นว่าเขาได้ทำอย่างที่ฉันทำ มันจะทนไม่ไหว
ฉันรู้ว่าเธอจะยิ้มแบบไหน ตอนคนที่เธอรักSURPRISE
ฉันยังอาวรณ์อยู่ BABY I WANT YOU และก็รู้ว่าเธอดีใจแค่ไหน
เวลาที่เธอได้รับดอกไม้ กับข้อความว่ารักกว่าใคร
ใครคนที่เขาบอก จะไม่ใช่ตัวฉันหรอกจำไว้
ฉันยังอาวรณ์อยู่ BABY I WANT YOU
ฉันยังอาวรณ์อยู่ BABY I WANT YOU
ถ้าพรของฉันที่จะให้ไป ศักดิ์สิทธิ์กว่าพระอาจารย์ที่ใด จะขอให้เธอ
ได้มีพลังรู้ความในใจ ให้เธอรู้ไว้ ว่ายังมีใครที่รอเสมอ
และวันสำคัญยังคงเป็นวันเดิม… "),



('Perfect', '÷', 'Ed Sheeran', '4.40' ,
" I found a love for me
Oh darling, just dive right in and follow my lead
Well, I found a girl, beautiful and sweet
Oh, I never knew you were the someone waiting for me
'Cause we were just kids when we fell in love
Not knowing what it was
I will not give you up this time
But darling, just kiss me slow, your heart is all I own
And in your eyes, you're holding mine
Baby, I'm dancing in the dark with you between my arms
Barefoot on the grass, listening to our favourite song
When you said you looked a mess, I whispered underneath my breath
But you heard it, darling, you look perfect tonight
Well I found a woman, stronger than anyone I know
She shares my dreams, I hope that someday I'll share her home
I found a love, to carry more than just my secrets
To carry… "),



('Photograph', 'x', 'Ed Sheeran', '4.35' ,
" Loving can hurt, loving can hurt sometimes
But it's the only thing that I know
When it gets hard, you know it can get hard sometimes
It is the only thing makes us feel alive
We keep this love in a photograph
We made these memories for ourselves
Where our eyes are never closing
Hearts are never broken
And time's forever frozen, still
So you can keep me
Inside the pocket of your ripped jeans
Holding me closer 'til our eyes meet
You won't ever be alone, wait for me to come home
Loving can heal, loving can mend your soul
And it's the only thing that I know, know
I swear it will get easier
Remember that with every piece of ya
Hmm, and it's the only thing we take with us when we die
Hmm, we keep this love in a photograph
We made these memories for ourselves
Where…"),

('Tempo', 'Do not Mess Up My Tempo', 'EXO', '4.02' ,
" I can't believe (Wow)
기다렸던 이런 느낌 (Oh)
나만 듣고 싶은 그녀는 나의 멜로디
하루 종일 Go on and on and oh
떠나지 않게 그녈 내 곁에 (소리질러)
Yeah, uh
Don't mess up my tempo
들어봐 이건 충분히 (Yeah)
I said don't mess up my tempo
그녀의 맘을 훔칠 Beat uh
어디에도 없을 리듬에 맞춰 1, 2, 3 Uh (Yeah)
Don't mess up my tempo
멈출 수 없는 이끌림 Oh
매혹적인 넌 Lovely
틈 없이 좁혀진 거리
불규칙해지는 Heartbeat
잠시 눈을 감아 Trust me (Woo, hoo)
밖으로 나갈 채비 미리 해둬 Are you ready (look)
오늘은 내가 캐리 도시 나 사이의 케미 (Aw)
이미 나와 놓곤 뭐가 창피해 Ma boo (Ah)
어정쩡 어버버 할 필요 없다고 (Coming out)
챙길 건 없으니 손잡아 My lady
가는 길마다 레드 카펫 또 런웨이인걸
발걸음이 남달라 (Swish)
지금 이 속도 맞춰보자 Tempo, aw
Baby girl 아침을 설레게 하는 모닝콜
매일 봐도 보고 싶은 맘인걸
지금부터 나와 Let's get down (Get down)
모든 것이 완벽하게 좋아
So don't slow it up for me
Don't mess up my tempo
들어봐 이건 충분히
I said don't mess up my tempo
그녀의 맘을 훔칠 Beat uh
어디에도 없을 리듬에 맞춰 1, 2, 3 Uh
Don't mess"),

